User,Review,Sentiment
EIY67WNQZf,"9.752 kiÅŸinin sepetinde, tÃ¼kenmeden al!",Olumsuz
yJ3MdH6a3U,PopÃ¼ler Ã¼rÃ¼n! Son 24 saatte 7.504 kiÅŸi gÃ¶rÃ¼ntÃ¼ledi!,Olumsuz
jBHRUSoMRU,Sevilen Ã¼rÃ¼n! 24B kiÅŸi favoriledi!,Olumlu
6cZNxf73j8,"9.752 kiÅŸinin sepetinde, tÃ¼kenmeden al!",Olumsuz
Nlc2asJ0cd,Ã‡ok gÃ¼zel tam beden yeÄŸenime aldÄ±m ve Ã§ok yakÄ±ÅŸtÄ± kumaÅŸÄ± her ÅŸeyi Ã§ok gÃ¼zel,Olumlu
yTchfvBlUp,Ã‡ok gÃ¼zel bir beden bÃ¼yÃ¼k tercih ettim,Olumlu
4lig8ZJeJf,Kalitesi Ã§ok gÃ¼zel yumuÅŸacÄ±k Ã§ok beÄŸendim salaÅŸ sevenler bÃ¼yÃ¼k beden tercih edebilir,TarafsÄ±z
GAL8it3p4I,Her Ä±kÄ± ogluma akdim super seklÄ±n qoyacam vaxt edÄ±m,Olumlu
1c4LyStOWd,BalkabaÄŸÄ± bir numara bu iÅŸte gerÃ§ekten,Olumlu
E0M0uo5HyP,tam beden alÄ±n kumaÅŸÄ± Ã§ok gÃ¼zel ve kaliteli tavsiye ederim,Olumlu
jhkt6Ivgf8,Torunuma aldÄ±m Ã§ok BeÄŸendik. Kargo Ã§ok hÄ±zlÄ± ve gÃ¼ler yÃ¼zlÃ¼ TeÅŸekkÃ¼rler.,Olumlu
rhzEBbdwwG,"aÅŸÄ±rÄ± kaliteli ve gÃ¼zel, o kadar beÄŸendim ki birtane de yeÄŸenime sipariÅŸ verdim. hiÃ§ tereddÃ¼t etmeyin. beden olarak ta tam beden alabilirsiniz",Olumlu
RpEsQepcKv,kalitesi muhteÅŸem. 9  yaÅŸÄ±ndaki ogluma 8-9 yaÅŸ aldÄ±m cok gÃ¼zel oldu. oÄŸlum 127 cm  26 kiko.,Olumlu
Q4ALIcXpDz,ÃœrÃ¼nÃ¼n yerini ve rengi Ã§ok gÃ¼zel. Tam yaÅŸ aldÄ±m ve tam oldu.,Olumlu
92trXtEYzR,cok guzel biz cok begendik oglum 6 yasinda ve 6-7yas aldik tam oldu,Olumlu
souIacihX8,HarikağŸ‘ŒğŸ» kesinlikle tavsiye ederim Ã§ok ÅŸÄ±k duruyor,Olumlu
AjHsBwdZSj,ba-yil-dimmmm. kesinlikle tavsiye ediyorum.,Olumlu
sQysvGRDL4,kardeÅŸime aldÄ±m Ã§ok beÄŸendim 8-9 yaÅŸ,Olumlu
YxIqHjx1ZY,harika bir Ã¼rÃ¼n yigenime hediye aldÄ±m Ã§ok beÄŸenildi,Olumlu
rZh9OS9Kyf,"Ã‡ok gÃ¼zel kaliteli,bayÄ±ldÄ±m",Olumlu
M5S12y82Zt,kullanÄ±ÅŸlÄ±,Olumlu
I4xCKxB0Pc,Acayip gÃ¼zel . Kaliteli duruyor.Dokusu ve rengi harika .Tam oÄŸluma oldu .YaÅŸÄ±na uygun alÄ±n .,Olumlu
PM9VoqyXEm,2takÄ±m aldÄ±m beklentÄ±mÄ±n ustunde geldÄ±,Olumsuz
nt9n7VCVDm,cok gÃ¼zel kumasi var yumusacik cok kaliteli cok begendm,Olumlu
vFYTKEtDrZ,Ã‡ok beÄŸendim kaleteli bir Ã¼rÃ¼n hÄ±zlÄ± geldi teÅŸekkÃ¼r ederiÌ‡m,Olumlu
HoJqXvyYds,Cok gozel beyenilecek bir urunler,Olumlu
b9C2Bbyoqm,oÄŸluma aldÄ±m takÄ±mÄ± bayÄ±ldÄ±k kalitesi Ã§ok iyi,Olumlu
PJ8n2BetuQ,yiyenim icin aldÄ±m gÃ¼zel bir takÄ±m.,Olumlu
mrQlavSIv2,Ã§ok Ã§ok Ã§ok gÃ¼zel ve kaliteli giydi falan kÄ±rÄ±sti tabi ÅŸu an ama Ã§ok memnun kaldÄ±m,TarafsÄ±z
wFxbfjZ7D6,Ã§oook beyendim,Olumlu
zF02lojM1Z,Kalitesi Ã§ok gÃ¼zel tavsiye ederim,Olumlu
G12GfNuOQg,"kuzenler iÃ§in aldÄ±m, rengi, dokusu Ã§ok gÃ¼zel. Sevdiler",Olumlu
1tFjyI4dc7,Ã§ok beyendim,Olumlu
wudlfQJUXH,Ã§ok tatli Ã§ok rahat,Olumlu
82mypQ2TN0,Ã¼rÃ¼n gÃ¶rÃ¼ndÃ¼ÄŸÃ¼ gibi geldi Ã§ok gÃ¼zel  kendi yasinizi tercih edebilirsiniz,Olumlu
ZE0cdZBUks,2 yaÅŸÄ±nda oÄŸluma 2-3 yaÅŸ aldÄ±m tam oldu sadece bel lastiÄŸi biraz fazla sÄ±kÄ± bence,TarafsÄ±z
jRHrJ7xLnX,kumaÅŸÄ± kalitesi cok gÃ¼zeldi beÄŸendm,Olumlu
m6NHKKDtbO,altindaki pantolon Ã§ok ince sanki yÄ±rtÄ±lacak gibi Ã§ok hosuma gitmedi kalitesi idare eder,TarafsÄ±z
tTzEjq9gbt,Kalitesine bayÄ±ldÄ±k Ã§ok gÃ¼zel.,Olumlu
5S78L11kWN,GÃ¼zel yegenim iÃ§in aldÄ±m Ã§ok begenildi,Olumlu
wFGdYkd5eS,eh iÅŸte idare eder,TarafsÄ±z
rBXnMTJ3ob,HarÄ±ka beÄŸendim oÄŸluma Ã§ok yakÄ±ÅŸtÄ±,Olumlu
7KIb1YikXw,Bu fiyata ikili takÄ±m Ã§ok beÄŸendim. Åort bi tÄ±k ince ancak burasÄ± Ã§ok sÄ±cak olduÄŸu iÃ§in Ã§ok beÄŸendim. Tam beden alÄ±nabilir. Ben 7/8 yaÅŸ aldÄ±m seneye de giyer diye,Olumlu
8LfK5vtaQ3,BeÄŸendim teÅŸekkÃ¼rler,Olumlu
Aoh6kDWwjc,"2.5 yaÅŸÄ±nda oÄŸlum 16 kilo 97 cm boy, 5-6 almama raÄŸmen ÅŸortu tam bedeni oldu anca bu yaz giyer seneye olmaz ama kaliteli 2,3 beden bÃ¼yÃ¼k alÄ±nmalÄ± salaÅŸ seviyorsanÄ±z eÄŸer",TarafsÄ±z
wPPCOYIGRM,mÃ¼thiÅŸ kalitesi Ã§ok iyi,Olumlu
L4ZlzTp58m,canÄ±m oÄŸluma bayramda giymesi iÃ§in aldÄ±m Ã§ok beÄŸendi kumaÅŸi Ã§ok kaliteliâ¤ï¸,Olumlu
LuIXwi7hnA,Ã§ok gÃ¼zel tavsiye ederim,Olumlu
3HLRvdiXDU,Kalitesi kumaÅŸÄ± Ã§ok gÃ¼zel 7 yaÅŸ oÄŸluma 8-9 yaÅŸ tam oldu,Olumlu
Z2A8sYQPio,Tek kelime ile bayÄ±ldÄ±m. HÄ±zlÄ± teslimat iÃ§in teÅŸekkÃ¼r ederim tam beden alabilirsiniz,Olumlu
ZT5bb0eU7Z,Ã‡ok gÃ¼zel Ã§ok beÄŸendim,Olumlu
Ciye1cDm2I,Ã§ok beÄŸendiÄŸim Ã§ok kaliteli duruyor,Olumlu
VED3H4w9qG,Ã¼rÃ¼n birebir gÃ¶rseldeki gibi kaliteli,Olumlu
pJcUXngAVk,Ã§ook gÃ¼zel Ã¼rÃ¼n harikaa,Olumlu
UhC1s2drNx,BayÄ±ldÄ±m 4 yaÅŸÄ±ndaki yeÄŸenime tam oldu. TeÅŸekkÃ¼rlerğŸ™ğŸ»,Olumlu
GUMJ2MnYOx,kumaÅŸÄ±nÄ± dokusunu Ã§ok beÄŸendim,Olumlu
SKUi9X64jx,Ben bunu kardeÅŸime hediye olarak aldÄ±m tam geldi teÅŸekkÃ¼rler Trendyol,Olumlu
0yiR9ZniXK,Ã§ok ÅŸÄ±k bir takÄ±m bayramlÄ±k olarak aldÄ±m,Olumlu
Vs0KXFguS2,gayet kaliteli bir Ã¼rÃ¼n.,Olumlu
LvxjyhwIGM,Kaliteli bir Ã¼rÃ¼n. Ã‡ok beÄŸendim.  Tavsiye ederim.,Olumlu
TPihKKxhqW,oÄŸluma severek giydiriorum,Olumlu
De1ksf9PFx,Oglum Ä±cÄ±n aldÄ± cok kalÄ±telÄ± cok guzeÅŸ,TarafsÄ±z
8gfJT7M2tO,GerÃ§ekten Ã§ok gÃ¼zel kalitesi,Olumlu
j24pTa4GyS,cok begendim harika kumaÅŸÄ± var,Olumlu
m8XokDjmzN,Ã¼rÃ¼nÃ¼n kumaÅŸÄ± harika. tam beden alÄ±nabilir,Olumlu
rgUjOLvzy3,Urun baya guzel kumawi,Olumlu
YRu3vI2VJ4,Ã§ok beÄŸendim kaliteli,Olumlu
aDHMDiDUx1,guzel begendik,Olumlu
FUOlMlYK4l,Ã¼rÃ¼n Ã§ok gÃ¼zel TM oÄŸluma gÃ¶re oldu yeri ve kalitesi de Ã§ok gÃ¼zel,Olumlu
xieSjWXMeQ,torunumu aldÄ±m fili gÃ¶rÃ¼nce bayÄ±ldÄ± bayÄ±ldÄ± kaliteliÄŸe Ã§ok gÃ¼zel kumaÅŸÄ± yumuÅŸacÄ±k harika fiyatÄ± da Ã§ok uygun tavsiye edebilirim alacaklara,TarafsÄ±z
splN7BOZmc,kumaÅŸÄ± mÃ¼kemmel gerÃ§ekten fiyatÄ± uygun tereddÃ¼t ederek almÄ±ÅŸtÄ±m bayÄ±ldÄ±m tam yaÅŸ alÄ±n,Olumsuz
1PHrbn6mUz,Ã§ok beÄŸendim Ã§ok kaliteli renkleri Ã§ok hoÅŸ  tiÅŸÃ¶rtÃ¼n malz yumuÅŸacÄ±k altoda mÃ¼slin tam beden,Olumlu
uL7rSXWAas,biraz bÃ¼yÃ¼k ama rengi dokusu Ã§ok hoÅŸ,Olumlu
C7UvHwlF6m,harika kumaÅŸÄ± dokusu yaÅŸa iygunlugu... bayildim,Olumlu
HyioA7pvjn,Ã§okkkk gÃ¼zel aÅŸÄ±rÄ± ÅŸÄ±k,Olumlu
8W6i7Mo81H,Ã‡ok iyidir,Olumlu
Nx2DqgIb8o,cok guzel takÄ±m,Olumlu
n8x1QCF1c6,Hediye aldÄ±m Ã§ok beÄŸenildi,Olumlu
7QaIvrUraW,kalitesine bayÄ±ldÄ±m rekleri de Ä‡ok hoÅŸ,Olumlu
NYB5kEvgyt,KumaÅŸÄ± Ã§ok gÃ¼zel. Åortun mÃ¼slin olmasÄ± tiÅŸÃ¶rtÃ¼n yumuÅŸaklÄ±ÄŸÄ± tam beklenildiÄŸi gibi geliyor. Beden olarak ise ben 7-8 yaÅŸ aldÄ±m tam oldu. Tam beden alÄ±nabilir.,TarafsÄ±z
zRLPPZWJ7W,Ã§ox gÃ¶zÉ™ldirğŸ‘,Olumlu
1RzaQIJC0C,kaliteliğŸ‘,TarafsÄ±z
AdoOrX4Jrm,Ã‡ok gÃ¼zel,Olumlu
RvVjhgW37N,AÅŸÄ±rÄ± kaliyeli tam beden bayÄ±ldÄ±m yeÄŸenime aldÄ±m,Olumlu
Cn4iw6bB3F,Ã‡ok ÅŸÄ±k Ã§ok beÄŸendim,Olumlu
MBPkNkrIZ2,oÄŸluma aldÄ±m yeri kalitesi gayet gÃ¼zel,Olumlu
r2aI1tPh0H,"Gayet gÃ¼zel bir takÄ±m, gÃ¶nÃ¼l rahatlÄ±ÄŸÄ±yla alabilirsiniz",Olumlu
bhjgwzxYeU,Ã§ok gÃ¼zel tam oldu teÅŸekkÃ¼rler,Olumlu
3ISiUC8bMg,GÃ¼zel Ã¼rÃ¼n,Olumlu
KRuHuPe3GX,gerÃ§ekten kumaÅŸÄ± duruÅŸu Ã§ok gÃ¼zel,Olumlu
ERyx5c95rJ,NasÄ±l anlatÄ±lÄ±r kiiii tek kelime ile mÃ¼kemmel ğŸ˜ğŸ˜ kumaÅŸÄ± Ã¼stte duruÅŸu kesinlikle efsane. DÃ¼ÅŸÃ¼nmeden alÄ±n,Olumlu
lD8f41Vh2b,Ã§ok kaliteli yumuÅŸacÄ±k ve Ã§ok ÅŸÄ±k,Olumlu
g8ZpOn6Xaz,gayet gÃ¼zel geldi,Olumlu
YFNcRvEdOF,Ã§ok hoÅŸ Ã§ok gÃ¼zel tam bedenini alÄ±n dokusu yumuÅŸak,Olumlu
W9OFIbKOrT,ÃœrÃ¼n geldi Ã§ok gÃ¼zel kaliteli geldi oglum Ã§ok beyendi,TarafsÄ±z
nCcXfhjvbB,cokkk gÃ¼zeller bu kadar  beklemiyordum ama kalitesi Ã§ok iyi,TarafsÄ±z
LlY2fv988Z,"o kadar gÃ¼zel ki, muhteÅŸem kaliteli",Olumsuz
ungtAI2DrP,aynÄ± gÃ¶rÃ¼ldÃ¼gÃ¼ gibi kaliteli tam beden ÅŸÃ¼phesi alÄ±n,Olumsuz
h3YyCCgmcl,Ã§ok gÃ¼zel kaliteli tam beden alÄ±n,Olumlu
eFW12fdeVW,KumaÅŸÄ± kalitesi Ã§ok iyi,Olumlu
iHvoV2n8L5,Ã§ok gÃ¼zel kumaÅŸÄ± da bu,Olumlu
gx9ACwGbUf,kumaÅŸÄ± gerÃ§ekten Ã§ok gÃ¼zel oversize bir Ã¼rÃ¼n,TarafsÄ±z
VswaVf6jCr,Renk tonlarÄ± kumasu con gÃ¼zel,TarafsÄ±z
aOrH8NS1t9,Ã‡ok beÄŸendim kumaÅŸÄ± Ã§ok gÃ¼zel biraz bÃ¼yÃ¼k aldÄ±m rahat etsin diye,Olumlu
9pKkd8fl8O,"BayÄ±ldÄ±m, kumasÄ± harika, bedeni tam",Olumlu
4tIO6XZUGV,kesin alÄ±n Ã§ok gÃ¼zel,Olumlu
Ch7cZZIbL5,super keyfiyyÉ™t É™la,Olumlu
9OclVXiXXi,5 yaÅŸÄ±na giricek yeÄŸenime aldÄ±m. Ã‡ok yakÄ±ÅŸtÄ± sadece Ã¼stÃ¼ biraz bol oldu.,Olumlu
j6igqwLOP5,Ã§ok gÃ¼zel Ã§ok rahat kÄ±zÄ±m bayÄ±ldÄ±,Olumlu
wRUfMzuaPA,ÃœrÃ¼n gÃ¼zel ama kalÄ±bÄ± tam bÃ¼yÃ¼k almayÄ±n,Olumsuz
fMRStfsxvT,Ã¼rÃ¼n mÃ¼kemmel kumaÅŸÄ± yumuÅŸacÄ±k,Olumlu
7KK0AM10WK,Penyesi Ã§ok gÃ¼zel,Olumlu
yqHJ5pylin,Ã¼rÃ¼nÃ¼n kalitesi Ã§ok gÃ¼zel 1 puanÄ± kargonun geÃ§ gelmesinden kÄ±rdÄ±m. 14 kilo 97 cm oÄŸluma 4 5 yaÅŸ aldÄ±k gÃ¼zel oldu,Olumlu
xPhxR52SUI,Ã§oxx bÉ™yÉ™ndimm rÉ™ngi yumuÅŸaqlÄ±ÄŸÄ± oÃ¶lumda sevÉ™rÉ™k geyinir,TarafsÄ±z
wHyW9kOfYt,Ã§ok beÄŸendik kumaÅŸÄ±da Ã§ok gÃ¼zel,TarafsÄ±z
NJR4Vdg33G,hediye olarak aldÄ±m Ã§ok begenildi,Olumlu
7CWuzBNsu5,tiÅŸÃ¶rt kumaÅŸÄ± da ÅŸortun kumaÅŸÄ± da Ã§ok gÃ¼zel rengi fotoÄŸraftaki gibi,TarafsÄ±z
gKwhG57uUZ,bayildim dokusu kalitesi sahane,Olumlu
q6SMX34jb1,beklediÄŸimden daha kaliteli geldi.,Olumlu
9yXkQWf3wL,TeÅŸekkÃ¼r lerrrr,Olumlu
qAl6BO5IHb,ÃœrÃ¼n Ã§ok gÃ¼zel tavsiye ederim ayrÄ±ca satÄ±cÄ±ya Ã§ok teÅŸekkÃ¼r ediyorum Ã¼rÃ¼n hemen kargoya verildi bol kazanÃ§larÄ±nÄ±z olsun inÅŸaallah ğŸ¤²,Olumlu
t0i895gCHa,Ã§ok gÃ¼zel geldi Ã§ok teÅŸekkÃ¼r ederiz kaÃ§ tane baÅŸka yerden takÄ±m aldÄ±m ama hepsini geri gÃ¶nderdim ama Ã¼rÃ¼nleriniz Ã§ok gÃ¼zel tekrardan Ã§ok teÅŸekkÃ¼r ederim,Olumlu
7UHSQgWAeF,kaliteli ve gÃ¼zel paketleme saglamdi tam bedenizi alabilirsiniz,Olumlu
oAwy7zQrxF,Ã¼rÃ¼n Ã§ok gÃ¼zel Ã§ok beÄŸendim sÃ¼rekli bu sayfadan alÄ±ÅŸveriÅŸ yapmak isterim fakat yaÅŸlar Ã§oÄŸu 7-8  yaÅŸta bitiyor  lÃ¼tfen en az 10 yaÅŸa kadar Ã¼retim olsun sÃ¼rekli alabilelim,Olumlu
cDZTMvM1pX,Ã¼rÃ¼nÃ¼m.elime.ulaati kumasi Ã§ok guzel daha BugÃ¼n paketi aÃ§tÄ±m ama tiÅŸÃ¶rtÃ¼nde beyaz lekeler var.camasir suyu dÃ¶kÃ¼lmÃ¼ÅŸ gibi Ã¼rÃ¼nÃ¼ iade etmek.istiyorum ..,TarafsÄ±z
krjtgiOWGf,ben bu kadar kaliteli beklemiyordum ÅŸok oldum. bÃ¼yÃ¼k bÃ¼yÃ¼k markalara taÅŸ Ã§Ä±karÄ±r yumuÅŸacÄ±k ve gerÃ§ek pamuklu. Ã§ok teÅŸekkÃ¼r ederim. bundan sonra bu marka favorim.,Olumlu
lXOTA5DIvw,4 yas ogluma 3 4 yas aldim cox gozel oldu 1 bedende boyuk almaq olar,Olumlu
zWf1nJ6ZUY,kumaÅŸÄ± Ã¶yle gÃ¼zel yumuÅŸacÄ±k emeÄŸinize saÄŸlÄ±k ben Ã§ok severek aldim,Olumlu
tDk8xyaiVg,KalÄ±bÄ± lcw gibi. YÄ±kayÄ±nca Ã§eker mi bilmiyorum ama Ã§ok gÃ¼zel ve kaliteli bir Ã¼rÃ¼n. Paketleme mÃ¼thiÅŸ.,Olumlu
yODSyPxOQ4,Ã§ok kaliteli kesinlikle tavsiye ederim,Olumlu
X0S0fGIhFj,bu kadar erken geldi kargo gelmesine ÅŸahane bayramlÄ±k oÄŸluma aldÄ±m oÄŸlum bayÄ±ldÄ± hemen giyerim diyor kumaÅŸÄ± Ã§ok gÃ¼zel herkes almalÄ± Ã§ok teÅŸekkÃ¼r ederiz â™¥ï¸ğŸ‘ğŸ»,Olumlu
gZkI09bvWh,guzel begendim,Olumlu
MYXptlFUSQ,kalitesi harika  biz bayÄ±ldÄ±kğŸ¥°,Olumlu
lJk8V3nwrD,cok begendik bi numara buyuk alin,Olumlu
4s2NMCSxXi,Ã¼rÃ¼n beklediÄŸimizden daha gÃ¼zel geldi bu fiyata bu Ã¼rÃ¼n iÃ§in satÄ±cÄ±ya teÅŸekkÃ¼r ederim hÄ±zlÄ± gelmeside on numara oldu teÅŸekkÃ¼rler ğŸ‘,Olumlu
5l6YuWvWww,ÃœrÃ¼n Ã§ok gÃ¼zel kalitesi kumaÅŸÄ±n yumuÅŸak  dokusu Ã§ok guzel,Olumlu
9bxhnpSHPQ,kesinlikle kaliteli gorsel urun,Olumsuz
WAKGbRtCUd,ÃœrÃ¼n Ã§ok guzel tam resimdeki gibi kaliteli,Olumlu
ZqbcC4KMbE,kaliteli gÃ¼zel Ã¼rÃ¼n,Olumlu
TKqsLRFWJD,kaliteli ve mÃ¼kemmel urun alinir parasÄ±na gÃ¶re,TarafsÄ±z
3a8Ew65tgd,Ã‡ok gÃ¼zel iyi kaliteli,Olumlu
pplUyomJnl,kesinlikle tavsiye ederim kumaÅŸÄ± dokusu muhteÅŸem,Olumlu
MR03D7Schf,Ã§ok gÃ¼zeller abi kardeÅŸ kombini yaptÄ±m ancak bebeÄŸimiz kÃ¼Ã§Ã¼k seneye severek ikisine de giyidirecegim,TarafsÄ±z
cMetnyYWFR,Ã‡ok gÃ¼zel memnun kaldÄ±k kalitesi de gÃ¼zel,Olumlu
Y3sbPa0RDK,ÃœrÃ¼n Ã§ok gÃ¼zel ve Ã§ok kaliteli aÅŸÄ±rÄ± beÄŸendim.,Olumlu
xnNHvsDdwd,kumaÅŸÄ± Ã§ok gÃ¼zel oÄŸlum 8 yaÅŸÄ±nda 8-9 yaÅŸ olanÄ±nÄ± aldÄ±m tam oldu,TarafsÄ±z
wJPrxppPxO,kumaÅŸÄ± dokusu Ã§ok gÃ¼zel oÄŸlum 7 yaÅŸÄ±nda 22kilo 6 7 yaÅŸ uyumlu oldu,Olumlu
RhYXHqaBBM,Ã‡ok gÃ¼zeldi fiyatÄ±na deÄŸer,Olumlu
lU6Z7fAPKG,Ã‡ok gÃ¼zel tavsiye ederim alÄ±n,Olumlu
THuHo3RvIK,gozeldir alin aldirin basqa renglerinde alacam,Olumsuz
W89CvnIu2d,Ã§ok gÃ¼zel Ã§ok beÄŸendim,Olumlu
55yxLMFPdv,Ã§ok kaliteli,Olumlu
avA9879zsh,Guzaaaaaaalll,Olumlu
wDZ8tzXy0K,geniÅŸ kalÄ±p,TarafsÄ±z
t0AwRi1HtC,Ã§ok kalitelidir Ã¼rÃ¼n,Olumlu
1Aghw0dd3I,BayÄ±ldÄ±m iki oÄŸluma da istedim malÄ± herÅŸeyi Ã§ok iyi teÅŸekkÃ¼rler,Olumlu
pbedF5jwOz,biraz bÃ¼yÃ¼k beden ama kumaÅŸ harika,TarafsÄ±z
m2DDjJz0Q8,bayÄ±ldÄ±m ogluÅŸuma Ã§ok yakÄ±ÅŸtÄ± zaten ona hersey yakÄ±ÅŸÄ±yor ama takÄ±m Ã§ok gÃ¼zel yumuÅŸacÄ±k,Olumlu
OzWJhouepd,Ã§ok kaliteli kesinlikle alÄ±n,Olumlu
WT16y3CBVl,Fena deÄŸil,Olumlu
BjWJfNN9aj,Ã§ok kaliteli ama.bedeni kÃ¼Ã§Ã¼k geldiÄŸi iÃ§in iade ettim 89 yaÅŸ aldÄ±m 29 kiloya olmadi,Olumsuz
Ia5syPNKNG,Ã‡ok gÃ¼zel kumaÅŸÄ± tam beden almalÄ±sÄ±nÄ±z. Ã‡ok kaliteli biz Ã§ok beÄŸendik . MÃ¼slini de yÄ±kadÄ±ktan sonra bile bozulmadÄ± yumuÅŸacÄ±k 3 yaÅŸ oÄŸluma 3-4 yaÅŸ sipariÅŸ ettim . 5 yÄ±ldÄ±zÄ± fazlasÄ±yla hak ediyor,Olumlu
dtMZCyqJ2H,"HenÃ¼z oÄŸluma giydirmedim, ama kumaÅŸÄ± dokusu gÃ¼zel.",Olumlu
WKgpeyln9T,Ã§ok gÃ¼zel kumaÅŸÄ± kaliteli rahat kalÄ±p olduÄŸu iÃ§in biraz bol duruyor ama gÃ¼zel,Olumlu
JuTymtroI7,Ã§ook Ã§okkk Ã§okk gÃ¼zelll bayÄ±ldÄ±mmmm kumaÅŸÄ± o kadar gÃ¼zel ve kaliteli kiii tek kelimeyle harikaaaa,Olumlu
D88siWR0NW,Harika bayÄ±ldÄ±m rengi dokusu Ã§ok gÃ¼zelğŸŒ¸,Olumlu
iWQ7SMaN3J,OÄŸlum 7 yaÅŸÄ±nda 24 kgâ€¦ 8-9 yaÅŸ aldÄ±m tam oldu. Ã‡ok gÃ¼zel kumaÅŸÄ± â€¦,Olumlu
82EyQEaOmm,Kaliteli beÄŸendik,Olumlu
8gjxTDXzEK,mÃ¼kemmel bir takÄ±m kalite baya gÃ¼zel,Olumlu
CxCEMlwm9d,ÃœrÃ¼n Ã§ok gÃ¼zel Ã§ok beÄŸendik,Olumlu
fVySTZRJTG,fiyat performans Ã¼rÃ¼nÃ¼ kumaÅŸÄ± gayet gÃ¼zel sadece altÄ± biraz dar,Olumlu
5OKrtJBbiE,Ã‡ok gÃ¼zel ve kaliteli Ã§ok beÄŸendim,Olumlu
gjUnnYL4sp,harika yÄ±ka yÄ±ka giydir,Olumlu
4wgdp3xLjG,gÃ¼zel takÄ±m,Olumlu
l54filDKKJ,"fiyat performans Ã¼rÃ¼nÃ¼.,beÄŸendim",Olumlu
nbAoI7PTid,takÄ±mÄ±n  yeri kumasÄ± Ã§ok gÃ¼zel gÃ¶nÃ¼l rahatlÄ±ÄŸÄ±yla alÄ±nabilir,Olumlu
5cDTgD6wxW,"Penyesi yumuÅŸacÄ±k, dikiÅŸleri dÃ¼zgÃ¼n, ÅŸort mÃ¼slin kumaÅŸ, tam beden alÄ±nabilir. BeÄŸendim",Olumlu
IvZrJIPJmN,ÃœrÃ¼nlerin kaliteleri akla zarar,Olumsuz
Yplr6GX8io,fiyatÄ±na gÃ¶re gayet gÃ¼zel,Olumlu
trh6WboUpN,ÃœrÃ¼n Ã§ok gÃ¼zel  beÄŸendim,TarafsÄ±z
6lXonNKVfx,mÃ¼kemmel bir takÄ±m parasÄ±na deÄŸer.,Olumsuz
3y3RnaOX8N,Ã§ok iyi ve Ã§ok hÄ±zlÄ± teslimat sÃ¼resi,Olumlu
T0oHjOiyne,gayet gÃ¼zel kaliteli  Ã§ok begendik,Olumlu
07dMIZoJZv,Kalite ve kalÄ±p olarak iyi teÅŸekkÃ¼rler,Olumlu
twgWoEFsPw,Dokusu rengi Ã§ok gÃ¼zel,Olumlu
H8OXiDcAs8,KumaÅŸÄ± Ã§ok gÃ¼zel teÅŸekkÃ¼rler ğŸ™ğŸ»,Olumlu
i8NYThk36K,kalitesi gÃ¼zel gÃ¶rÃ¼ndÃ¼ÄŸÃ¼ gibi geldi,Olumlu
1VRwtwAsmn,ÃœstÃ¼ deÄŸiÅŸik geldi ama gÃ¼zel,TarafsÄ±z
JYpHygye4D,kumaÅŸÄ± deseni Ã§ok gÃ¼zel ancak tiÅŸÃ¶rt biraz bol ve kÄ±sa gibi 1 puan ordan kirdim,TarafsÄ±z
krKODMEoEZ,bu fiyata harika Ã¼rÃ¼n tesekkÃ¼rler,Olumlu
su0q9iro3s,harika Ã§ok kaliteli,Olumlu
HfxSLEe0qQ,Ã¼rÃ¼nÃ¼n Ã¼stÃ¼ bÃ¼yÃ¼k altÄ± tam geldi ve Ã¼rÃ¼nÃ¼ kabul ettikten 3 gÃ¼n sonra kargoya verdiler 5. gÃ¼nde elime ulaÅŸtÄ±,TarafsÄ±z
KdQeWBruZV,KumaÅŸÄ± ve modeli muhteÅŸem,Olumlu
IJe8uMAzMl,5 yÄ±ldÄ±z.degil 10.yildiz hakediyor aÅŸÄ±rÄ± kaliteli Ã§ok beÄŸendik,Olumlu
hbkA14jKnd,kumaÅŸÄ± Ã§ok gÃ¼zel 5 yaÅŸindaki oÄŸluma 5-6tam oldu,Olumlu
nVNOUpMWL9,kumaÅŸÄ± gÃ¼zel rahat ama alt biraz Ã§ekiliyor ipi Ã§ekiliyor  fazla kullanÄ±ÅŸlÄ± deÄŸil altÄ± ama Ã¼st Ã§ok gÃ¼zel,TarafsÄ±z
3uODn1cRmi,guzel kaliteli kumas sortun rengi fotodakinden daha koyu sadece,Olumlu
lX5EmIArO9,ÃœrÃ¼n defolu geldi. Geri gÃ¶nderdim 19 gÃ¼n oldu hala incelemede.,TarafsÄ±z
Gf5vOjDxoM,KumaÅŸ kalÄ±tesÄ± cok gÃ¼zel,Olumlu
MfHhmeBz5h,T-shirt daha gÃ¼zel daha kaliteli. shorts.a aynÄ± ÅŸeyi deyÉ™mÉ™m,TarafsÄ±z
bpMcdQDdmt,ÅŸortun kalitesi Ã§ok kÃ¶tÃ¼ dikiÅŸleri sÃ¶kÃ¼k geldi,Olumsuz
VSasMTzNby,Ã¼rÃ¼n gÃ¼zel ama sort Ã§ok dar .keÅŸke bÃ¼yÃ¼k olsa,Olumlu
t3ON03TC1d,"beÄŸenmedim,alt ÅŸort kÃ¼Ã§Ã¼k .dikiÅŸ ve kumaÅŸ kalitesi kÃ¶tÃ¼ .Ä°ade",TarafsÄ±z
MjPVHTtggo,Ä°ÅŸk giymede ÅŸortu yÄ±rtÄ±ldÄ±,Olumsuz
NBgc12H3cN,bir yÄ±kamada ÅŸortu yÄ±rtÄ±ldÄ± ve yaÅŸÄ±na gÃ¶re kÃ¼Ã§Ã¼k geldi,Olumsuz
Dt9DecB6PN,sorularda yardim istemiÅŸtim. bu ÅŸekilde ipler var lÃ¼tfen yardÄ±mcÄ± olur musunuz,TarafsÄ±z
